model,threshold,accuracy,precision,recall,f1
mobilenet,0.4,0.8235,0.761519805982215,0.942,0.8421993741618239
mobilenet,0.42000000000000004,0.829,0.769672131147541,0.939,0.845945945945946
mobilenet,0.44000000000000006,0.8325,0.7763923524522028,0.934,0.8479346345891966
mobilenet,0.4600000000000001,0.835,0.7810402684563759,0.931,0.8494525547445255
mobilenet,0.4800000000000001,0.838,0.7879045996592845,0.925,0.8509659613615456
mobilenet,0.5000000000000001,0.8435,0.7974025974025974,0.921,0.8547563805104408
mobilenet,0.5200000000000001,0.8455,0.8017467248908297,0.918,0.855944055944056
mobilenet,0.5400000000000001,0.845,0.8063943161634103,0.908,0.8541862652869238
mobilenet,0.5600000000000002,0.8435,0.8091809180918091,0.899,0.8517290383704406
mobilenet,0.5800000000000002,0.8455,0.8161024702653248,0.892,0.8523650262780698
mobilenet,0.6000000000000002,0.8485,0.8223866790009251,0.889,0.8543969245555022
mobilenet,0.6200000000000002,0.8505,0.8278765201122544,0.885,0.8554857419043016
mobilenet,0.6400000000000002,0.8545,0.8372978116079924,0.88,0.8581179912237933
mobilenet,0.6600000000000003,0.856,0.8416506717850288,0.877,0.8589618021547503
mobilenet,0.6800000000000003,0.8545,0.8472086190009794,0.865,0.8560118753092528
mobilenet,0.7000000000000003,0.8535,0.8531468531468531,0.854,0.8535732133933034
mobilenet,0.7200000000000003,0.854,0.859026369168357,0.847,0.8529707955689829
mobilenet,0.7400000000000003,0.8535,0.8633093525179856,0.84,0.8514951849974658
mobilenet,0.7600000000000003,0.855,0.8705636743215032,0.834,0.8518896833503575
mobilenet,0.7800000000000004,0.857,0.8805970149253731,0.826,0.8524251805985552
resnet,0.4,0.5,0.5,1.0,0.6666666666666666
resnet,0.42000000000000004,0.5,0.5,1.0,0.6666666666666666
resnet,0.44000000000000006,0.5,0.5,1.0,0.6666666666666666
resnet,0.4600000000000001,0.5,0.5,1.0,0.6666666666666666
resnet,0.4800000000000001,0.5005,0.5002501250625313,1.0,0.6668889629876625
resnet,0.5000000000000001,0.5005,0.5002501250625313,1.0,0.6668889629876625
resnet,0.5200000000000001,0.5005,0.5002501250625313,1.0,0.6668889629876625
resnet,0.5400000000000001,0.5005,0.5002501250625313,1.0,0.6668889629876625
resnet,0.5600000000000002,0.5005,0.5002501250625313,1.0,0.6668889629876625
resnet,0.5800000000000002,0.5005,0.5002501250625313,1.0,0.6668889629876625
resnet,0.6000000000000002,0.5005,0.5002503755633451,0.999,0.6666666666666666
resnet,0.6200000000000002,0.5005,0.5002503755633451,0.999,0.6666666666666666
resnet,0.6400000000000002,0.5,0.5,0.998,0.6662216288384513
resnet,0.6600000000000003,0.5005,0.5002506265664161,0.998,0.6664440734557596
resnet,0.6800000000000003,0.5005,0.5002506265664161,0.998,0.6664440734557596
resnet,0.7000000000000003,0.501,0.5005015045135406,0.998,0.6666666666666666
resnet,0.7200000000000003,0.5015,0.5007526342197692,0.998,0.6668894086201136
resnet,0.7400000000000003,0.501,0.5005020080321285,0.997,0.6664438502673797
resnet,0.7600000000000003,0.5005,0.5002511300853842,0.996,0.6659979939819458
resnet,0.7800000000000004,0.501,0.5005025125628141,0.996,0.6662207357859532
efficientnet,0.4,0.5,0.5,1.0,0.6666666666666666
efficientnet,0.42000000000000004,0.5,0.5,1.0,0.6666666666666666
efficientnet,0.44000000000000006,0.5,0.5,1.0,0.6666666666666666
efficientnet,0.4600000000000001,0.5,0.5,1.0,0.6666666666666666
efficientnet,0.4800000000000001,0.5395,0.5260382333553065,0.798,0.634088200238379
efficientnet,0.5000000000000001,0.5075,0.6,0.045,0.08372093023255814
efficientnet,0.5200000000000001,0.5005,1.0,0.001,0.001998001998001998
efficientnet,0.5400000000000001,0.5,0.0,0.0,0.0
efficientnet,0.5600000000000002,0.5,0.0,0.0,0.0
efficientnet,0.5800000000000002,0.5,0.0,0.0,0.0
efficientnet,0.6000000000000002,0.5,0.0,0.0,0.0
efficientnet,0.6200000000000002,0.5,0.0,0.0,0.0
efficientnet,0.6400000000000002,0.5,0.0,0.0,0.0
efficientnet,0.6600000000000003,0.5,0.0,0.0,0.0
efficientnet,0.6800000000000003,0.5,0.0,0.0,0.0
efficientnet,0.7000000000000003,0.5,0.0,0.0,0.0
efficientnet,0.7200000000000003,0.5,0.0,0.0,0.0
efficientnet,0.7400000000000003,0.5,0.0,0.0,0.0
efficientnet,0.7600000000000003,0.5,0.0,0.0,0.0
efficientnet,0.7800000000000004,0.5,0.0,0.0,0.0
ensemble,0.4,0.5015,0.5007511266900351,1.0,0.667334000667334
ensemble,0.42000000000000004,0.5015,0.5007511266900351,1.0,0.667334000667334
ensemble,0.44000000000000006,0.5025,0.5012531328320802,1.0,0.667779632721202
ensemble,0.4600000000000001,0.5055,0.5027679919476598,0.999,0.6688985604285236
ensemble,0.4800000000000001,0.5125,0.5063419583967529,0.998,0.6718276674520364
ensemble,0.5000000000000001,0.6515,0.5901249256395003,0.992,0.7400223797090638
ensemble,0.5200000000000001,0.7225,0.6472534745201853,0.978,0.7789725209080047
ensemble,0.5400000000000001,0.752,0.6757322175732218,0.969,0.7962202136400987
ensemble,0.5600000000000002,0.7735,0.6989090909090909,0.961,0.8092631578947368
ensemble,0.5800000000000002,0.7865,0.7146067415730337,0.954,0.8171306209850107
ensemble,0.6000000000000002,0.805,0.7368012422360248,0.949,0.8295454545454546
ensemble,0.6200000000000002,0.819,0.7552,0.944,0.8391111111111111
ensemble,0.6400000000000002,0.831,0.7753743760399334,0.932,0.846503178928247
ensemble,0.6600000000000003,0.844,0.7991304347826087,0.919,0.8548837209302326
ensemble,0.6800000000000003,0.846,0.8122743682310469,0.9,0.8538899430740038
ensemble,0.7000000000000003,0.8505,0.8303487276154571,0.881,0.8549247937894227
ensemble,0.7200000000000003,0.852,0.8485148514851485,0.857,0.8527363184079602
ensemble,0.7400000000000003,0.854,0.86875,0.834,0.8510204081632653
ensemble,0.7600000000000003,0.854,0.8924611973392461,0.805,0.8464773922187171
ensemble,0.7800000000000004,0.8375,0.9071170084439083,0.752,0.8223072717331875
